{
  "metadata": {
    "timestamp": "2026-05-27T04:08:16.933903",
    "model_name": "sentence-transformers/paraphrase-multilingual-MiniLM-L12-v2",
    "n_samples": 3,
    "device": "cuda"
  },
  "overall_metrics": {
    "cosine_similarity": {
      "mean": 0.5481541156768799,
      "std": 0.14865681529045105,
      "median": 0.5771315097808838,
      "min": 0.35333651304244995,
      "max": 0.7139942646026611,
      "q25": 0.46523401141166687,
      "q75": 0.6455628871917725
    },
    "euclidean_distance": {
      "mean": 0.9377331733703613,
      "std": 0.15603981912136078,
      "median": 0.9196395874023438
    },
    "manhattan_distance": {
      "mean": 14.703001976013184,
      "std": 2.6118316650390625,
      "median": 14.361041069030762
    }
  },
  "quality_distribution": {
    "excellent": {
      "count": 0,
      "percentage": 0.0
    },
    "good": {
      "count": 0,
      "percentage": 0.0
    },
    "acceptable": {
      "count": 1,
      "percentage": 33.33333333333333
    },
    "poor": {
      "count": 1,
      "percentage": 33.33333333333333
    },
    "very_poor": {
      "count": 1,
      "percentage": 33.33333333333333
    }
  },
  "per_sample_results": [
    {
      "image_id": "10000_釣山橋_PIC026",
      "cosine_similarity": 0.5771315097808838,
      "euclidean_distance": 0.9196395874023438,
      "manhattan_distance": 14.361041069030762,
      "ground_truth_length": 32,
      "prediction_length": 166
    },
    {
      "image_id": "06-1-004-01_滝橋_PIC002",
      "cosine_similarity": 0.7139942646026611,
      "euclidean_distance": 0.7563144564628601,
      "manhattan_distance": 11.688892364501953,
      "ground_truth_length": 127,
      "prediction_length": 200
    },
    {
      "image_id": "09-3-005-01_潟上橋_PIC044",
      "cosine_similarity": 0.35333651304244995,
      "euclidean_distance": 1.1372454166412354,
      "manhattan_distance": 18.059070587158203,
      "ground_truth_length": 44,
      "prediction_length": 158
    }
  ]
}